Workbook

Sheet 1. Raw Data
A1: IMPL | B1: Load | C1: Time of tests (min) | D1: Total Requests | E1: Success Requests | F1: Failed Requests | G1: Error Rate (%) | H1: Req/Sec | I1: Min (ms) | J1: Mean (ms) | K1: Max (ms) | L1: Stdard Deviation (ms) | M1: P50 (ms) | N1: P75 (ms) | O1: P95 (ms) | P1: P99 (ms) | Q1: GC Time (ms) | R1: GC Collections | S1: Heap Peak (GB) | T1: Heap Peak (%) | U1: CPU Peak (%) | V1: < 800ms | W1: 800-1200ms | X1: > 1200ms | Y1: < 800ms (%) | Z1: 800-1200ms (%) | AA1: > 1200ms (%) | AB1: Total Requests Prometheus | AC1: Delta Gatling Prometheus | AD1: Sync Status | AE1: Error Status | AF1: Timestamp
A2: Java | B2: 1000 | C2: 5 | D2: 300000 | E2: 300000 | F2: 0 | G2: 0 | H2: 1000 | I2: 0 | J2: 486 | K2: 16804 | L2: 1695 | M2: 1 | N2: 1 | O2: 3393 | P2: 9255 | Q2: 1089 | R2: 14 | S2: 2.33 | T2: 38 | U2: 72.76 | V2: 300000 | W2: 0 | X2: 0 | Y2: 100 | Z2: 0 | AA2: 0 | AB2: 300086 | AC2: 86 | AD2: EXCELLENT | AE2: EXCELLENT | AF2: 2026-05-23 16:10:59
E3: 300000 | F3: 0 | G3: 0 | H3: 1000 | I3: 0 | J3: 618 | K3: 17205 | L3: 1940 | M3: 1 | N3: 1 | O3: 5107 | P3: 9639 | Q3: 1053 | R3: 14 | S3: 2.33 | T3: 38 | U3: 77.01 | V3: 300000 | W3: 0 | X3: 0 | Y3: 100 | Z3: 0 | AA3: 0 | AB3: 300081 | AC3: 81 | AD3: EXCELLENT | AE3: EXCELLENT | AF3: 2026-05-23 16:24:39
E4: 300000 | F4: 0 | G4: 0 | H4: 1000 | I4: 0 | J4: 939 | K4: 21011 | L4: 2673 | M4: 1 | N4: 1 | O4: 7843 | P4: 12476 | Q4: 810 | R4: 14 | S4: 2.32 | T4: 38 | U4: 80.05 | V4: 300000 | W4: 0 | X4: 0 | Y4: 100 | Z4: 0 | AA4: 0 | AB4: 300080 | AC4: 80 | AD4: EXCELLENT | AE4: EXCELLENT | AF4: 2026-05-23 16:36:52
E5: 300000 | F5: 0 | G5: 0 | H5: 1000 | I5: 0 | J5: 679 | K5: 21386 | L5: 2023 | M5: 1 | N5: 1 | O5: 4678 | P5: 10635 | Q5: 1246 | R5: 14 | S5: 2.36 | T5: 39 | U5: 76.91 | V5: 300000 | W5: 0 | X5: 0 | Y5: 100 | Z5: 0 | AA5: 0 | AB5: 300098 | AC5: 98 | AD5: EXCELLENT | AE5: EXCELLENT | AF5: 2026-05-23 16:52:49
E6: 224696 | F6: 75304 | G6: 25.1 | H6: 697.67 | I6: 2 | J6: 59645 | K6: 286227 | L6: 49467 | M6: 46319 | N6: 100660 | O6: 145846 | P6: 178527 | Q6: 9631 | R6: 54 | S6: 0.75 | T6: 12 | U6: 89.63 | V6: 300000 | W6: 0 | X6: 0 | Y6: 100 | Z6: 0 | AA6: 0 | AB6: 234415 | AC6: 9719 | AD6: WARNING | AE6: HIGH | AF6: 2026-05-23 17:07:25
E7: 300000 | F7: 0 | G7: 0 | H7: 1000 | I7: 0 | J7: 1 | K7: 382 | L7: 8 | M7: 1 | N7: 1 | O7: 1 | P7: 2 | Q7: 90 | R7: 6 | S7: 2.52 | T7: 42 | U7: 56.47 | V7: 300000 | W7: 0 | X7: 0 | Y7: 100 | Z7: 0 | AA7: 0 | AB7: 300082 | AC7: 82 | AD7: EXCELLENT | AE7: EXCELLENT | AF7: 2026-05-23 17:19:06
E8: 300000 | F8: 0 | G8: 0 | H8: 1000 | I8: 0 | J8: 807 | K8: 22295 | L8: 2371 | M8: 1 | N8: 1 | O8: 6490 | P8: 11775 | Q8: 922 | R8: 14 | S8: 2.35 | T8: 39 | U8: 78.6 | V8: 300000 | W8: 0 | X8: 0 | Y8: 100 | Z8: 0 | AA8: 0 | AB8: 300081 | AC8: 81 | AD8: EXCELLENT | AE8: EXCELLENT | AF8: 2026-05-23 17:32:18
A9: Clojure-Idiomatic | B9: 1000 | C9: 5 | D9: 300000 | E9: 300000 | F9: 0 | G9: 0 | H9: 1000 | I9: 0 | J9: 888 | K9: 19397 | L9: 2531 | M9: 1 | N9: 1 | O9: 7779 | P9: 11586 | Q9: 1309 | R9: 18 | S9: 2.35 | T9: 39 | U9: 79.89 | V9: 300000 | W9: 0 | X9: 0 | Y9: 100 | Z9: 0 | AA9: 0 | AB9: 300086 | AC9: 86 | AD9: EXCELLENT | AE9: EXCELLENT | AF9: 2026-05-23 17:51:39
J10: 607 | K10: 15482 | L10: 1915 | O10: 5081 | P10: 9892 | Q10: 725 | R10: 14 | S10: 2.19 | T10: 36 | U10: 80.35 | V10: 300000 | W10: 0 | X10: 0 | Y10: 100 | Z10: 0 | AA10: 0 | AB10: 300080 | AC10: 80 | AF10: 2026-05-23 18:04:35
J11: 907 | K11: 18351 | L11: 2491 | O11: 7235 | P11: 11335 | Q11: 1338 | R11: 18 | S11: 2.32 | T11: 38 | U11: 72.74 | V11: 300000 | W11: 0 | X11: 0 | Y11: 100 | Z11: 0 | AA11: 0 | AB11: 300081 | AC11: 81 | AF11: 2026-05-23 18:17:56
J12: 833 | K12: 17989 | L12: 2452 | O12: 6656 | P12: 12002 | Q12: 1107 | R12: 17 | S12: 2.34 | T12: 39 | U12: 81.35 | V12: 300000 | W12: 0 | X12: 0 | Y12: 100 | Z12: 0 | AA12: 0 | AB12: 300079 | AC12: 79 | AF12: 2026-05-23 18:32:03
J13: 757 | K13: 18106 | L13: 2267 | O13: 6412 | P13: 10993 | Q13: 1645 | R13: 18 | S13: 2.25 | T13: 37 | U13: 79.2 | V13: 300000 | W13: 0 | X13: 0 | Y13: 100 | Z13: 0 | AA13: 0 | AB13: 300082 | AC13: 82 | AF13: 2026-05-23 18:44:49
J14: 1100 | K14: 23596 | L14: 3027 | O14: 7453 | P14: 15042 | Q14: 1562 | R14: 19 | S14: 2.33 | T14: 38 | U14: 78.53 | V14: 300000 | W14: 0 | X14: 0 | Y14: 100 | Z14: 0 | AA14: 0 | AB14: 300080 | AC14: 80 | AF14: 2026-05-23 18:58:08
J15: 860 | K15: 23278 | L15: 2517 | O15: 6855 | P15: 12077 | Q15: 1381 | R15: 17 | S15: 2.33 | T15: 38 | U15: 78.65 | V15: 300000 | W15: 0 | X15: 0 | Y15: 100 | Z15: 0 | AA15: 0 | AB15: 300082 | AC15: 82 | AF15: 2026-05-23 19:10:36
A16: Clojure-Interop | B16: 1000 | C16: 5 | D16: 300000 | E16: 300000 | F16: 0 | G16: 0 | H16: 1000 | I16: 0 | J16: 678 | K16: 19097 | L16: 2083 | M16: 1 | N16: 1 | O16: 5296 | P16: 10520 | Q16: 1196 | R16: 15 | S16: 2.37 | T16: 39 | U16: 81.05 | V16: 300000 | W16: 0 | X16: 0 | Y16: 100 | Z16: 0 | AA16: 0 | AB16: 300083 | AC16: 83 | AD16: EXCELLENT | AE16: EXCELLENT | AF16: 2026-05-23 19:26:19
J17: 630 | K17: 15823 | L17: 1992 | O17: 5497 | P17: 10166 | Q17: 1331 | R17: 15 | S17: 2.37 | T17: 39 | U17: 80.45 | V17: 300000 | W17: 0 | X17: 0 | Y17: 100 | Z17: 0 | AA17: 0 | AB17: 300081 | AC17: 81 | AF17: 2026-05-23 19:39:08
J18: 749 | K18: 16278 | L18: 2200 | O18: 6387 | P18: 10697 | Q18: 1127 | R18: 14 | S18: 2.32 | T18: 38 | U18: 75.42 | V18: 300000 | W18: 0 | X18: 0 | Y18: 100 | Z18: 0 | AA18: 0 | AB18: 300079 | AC18: 79 | AF18: 2026-05-23 19:53:16
J19: 719 | K19: 16497 | L19: 2194 | O19: 6350 | P19: 10678 | Q19: 1122 | R19: 14 | S19: 2.34 | T19: 39 | U19: 76.54 | V19: 300000 | W19: 0 | X19: 0 | Y19: 100 | Z19: 0 | AA19: 0 | AB19: 300080 | AC19: 80 | AF19: 2026-05-23 20:06:03
J20: 569 | K20: 15910 | L20: 1818 | O20: 4938 | P20: 9397 | Q20: 982 | R20: 13 | S20: 2.34 | T20: 39 | U20: 76.08 | V20: 300000 | W20: 0 | X20: 0 | Y20: 100 | Z20: 0 | AA20: 0 | AB20: 300080 | AC20: 80 | AF20: 2026-05-23 20:19:13
J21: 814 | K21: 24699 | L21: 2500 | O21: 5917 | P21: 12455 | Q21: 1231 | R21: 13 | S21: 2.35 | T21: 39 | U21: 75.08 | V21: 300000 | W21: 0 | X21: 0 | Y21: 100 | Z21: 0 | AA21: 0 | AB21: 300081 | AC21: 81 | AF21: 2026-05-23 20:31:44
J22: 903 | K22: 19275 | L22: 2599 | O22: 7800 | P22: 11817 | Q22: 938 | R22: 13 | S22: 2.34 | T22: 39 | U22: 79.07 | V22: 300000 | W22: 0 | X22: 0 | Y22: 100 | Z22: 0 | AA22: 0 | AB22: 300089 | AC22: 89 | AF22: 2026-05-23 20:44:53
A24: REQUEST BODY
A25: {
A26: "initialAmount": 10000.0,
A27: "annualInterestRate": 10.0,
A28: "years": 100
A29: }
A30: }

Sheet 2. General Statistical Analysis
A1: Load | B1: Metric | C1: Java AVG | D1: Idiomatic AVG | E1: Interop AVG | F1: Best AVG | G1: Java STD DEV | H1: Idiomatic STD DEV | I1: Interop STD DEV | J1: Best STD DEV | K1: Java CV% | L1: Idiomatic CV% | M1: Interop CV% | N1: Best CV%
A2: 1000 | B2: P95 (ms) | C2: =AVERAGE('1. Raw Data'!O2:O8) -> 24765.429 | D2: =AVERAGE('1. Raw Data'!O9:O15) -> 6781.5714 | E2: =AVERAGE('1. Raw Data'!O16:O22) -> 6026.4286 | F2: Interop | G2: =STDEV('1. Raw Data'!O2:O8) -> 53449.167 | H2: =STDEV('1. Raw Data'!O9:O15) -> 885.15194 | I2: =STDEV('1. Raw Data'!O16:O22) -> 947.86934 | J2: Idiomatic | K2: =(G2/C2)*100 -> 215.82169 | L2: =(H2/D2)*100 -> 13.052313 | M2: =(I2/E2)*100 -> 15.728542 | N2: Idiomatic
B3: P99 (ms) | C3: =AVERAGE('1. Raw Data'!P2:P8) -> 33187 | D3: =AVERAGE('1. Raw Data'!P9:P15) -> 11846.714 | E3: =AVERAGE('1. Raw Data'!P16:P22) -> 10818.571 | F3: Interop | G3: =STDEV('1. Raw Data'!P2:P8) -> 64223.854 | H3: =STDEV('1. Raw Data'!P9:P15) -> 1589.8928 | I3: =STDEV('1. Raw Data'!P16:P22) -> 1020.2253 | J3: Interop | K3: =(G3/C3)*100 -> 193.52112 | L3: =(H3/D3)*100 -> 13.420538 | M3: =(I3/E3)*100 -> 9.4303142 | N3: Interop
B4: GC Time (ms) | C4: =AVERAGE('1. Raw Data'!Q2:Q8) -> 2120.1429 | D4: =AVERAGE('1. Raw Data'!Q9:Q15) -> 1295.2857 | E4: =AVERAGE('1. Raw Data'!Q16:Q22) -> 1132.4286 | F4: Interop | G4: =STDEV('1. Raw Data'!Q2:Q8) -> 3332.9829 | H4: =STDEV('1. Raw Data'!Q9:Q15) -> 306.45104 | I4: =STDEV('1. Raw Data'!Q16:Q22) -> 137.69393 | J4: Interop | K4: =(G4/C4)*100 -> 157.20558 | L4: =(H4/D4)*100 -> 23.658953 | M4: =(I4/E4)*100 -> 12.159172 | N4: Interop
B5: GC Collections | C5: =AVERAGE('1. Raw Data'!R2:R8) -> 18.571429 | D5: =AVERAGE('1. Raw Data'!R9:R15) -> 17.285714 | E5: =AVERAGE('1. Raw Data'!R16:R22) -> 13.857143 | F5: Interop | G5: =STDEV('1. Raw Data'!R2:R8) -> 15.904477 | H5: =STDEV('1. Raw Data'!R9:R15) -> 1.6035675 | I5: =STDEV('1. Raw Data'!R16:R22) -> 0.89973541 | J5: Interop | K5: =(G5/C5)*100 -> 85.63949 | L5: =(H5/D5)*100 -> 9.2768365 | M5: =(I5/E5)*100 -> 6.492936 | N5: Interop

Sheet 3. Z-Score
A1: IMPL | B1: Load | C1: P95 (ms) | D1: Average | E1: Standard Deviation | F1: Z-Score | G1: Outlier
A2: Java | B2: 1000 | C2: 3393 | D2: =AVERAGE(C2:C6) -> 5502.2 | E2: =STDEV(C2:C6) -> 1713.1336 | F2: =(C2-D2)/E2 -> -1.2311941 | G2: =ABS(F2)>2 -> FALSE
C3: 5107 | F3: =(C3-D2)/E2 -> -0.23068837 | G3: =ABS(F3)>2 -> FALSE
C4: 7843 | F4: =(C4-D2)/E2 -> 1.366385 | G4: =ABS(F4)>2 -> FALSE
C5: 4678 | F5: =(C5-D2)/E2 -> -0.48110667 | G5: =ABS(F5)>2 -> FALSE
C6: 6490 | F6: =(C6-D2)/E2 -> 0.57660419 | G6: =ABS(F6)>2 -> FALSE
A7: Clojure-Idiomatic | B7: 1000 | C7: 7779 | D7: =AVERAGE(C7:C13) -> 6781.5714 | E7: =STDEV(C7:C13) -> 885.15194 | F7: =(C7-D7)/E7 -> 1.1268445 | G7: =ABS(F7)>2 -> FALSE
C8: 5081 | F8: =(C8-D7)/E7 -> -1.9212198 | G8: =ABS(F8)>2 -> FALSE
C9: 7235 | F9: =(C9-D7)/E7 -> 0.51226072 | G9: =ABS(F9)>2 -> FALSE
C10: 6656 | F10: =(C10-D7)/E7 -> -0.14186426 | G10: =ABS(F10)>2 -> FALSE
C11: 6412 | F11: =(C11-D7)/E7 -> -0.41752315 | G11: =ABS(F11)>2 -> FALSE
C12: 7453 | F12: =(C12-D7)/E7 -> 0.75854612 | G12: =ABS(F12)>2 -> FALSE
C13: 6855 | F13: =(C13-D7)/E7 -> 0.082955895 | G13: =ABS(F13)>2 -> FALSE
A14: Clojure-Interop | B14: 1000 | C14: 5296 | D14: =AVERAGE(C14:C20) -> 6026.4286 | E14: =STDEV(C14:C20) -> 947.86934 | F14: =(C14-D14)/E14 -> -0.77060048 | G14: =ABS(F14)>2 -> FALSE
C15: 5497 | F15: =(C15-D14)/E14 -> -0.55854594 | G15: =ABS(F15)>2 -> FALSE
C16: 6387 | F16: =(C16-D14)/E14 -> 0.38040204 | G16: =ABS(F16)>2 -> FALSE
C17: 6350 | F17: =(C17-D14)/E14 -> 0.34136712 | G17: =ABS(F17)>2 -> FALSE
C18: 4938 | F18: =(C18-D14)/E14 -> -1.1482897 | G18: =ABS(F18)>2 -> FALSE
C19: 5917 | F19: =(C19-D14)/E14 -> -0.11544689 | G19: =ABS(F19)>2 -> FALSE
C20: 7800 | F20: =(C20-D14)/E14 -> 1.8711138 | G20: =ABS(F20)>2 -> FALSE

Sheet 4. Statistical Analysis Without
A1: Load | B1: Metric | C1: Java AVG | D1: Idiomatic AVG | E1: Interop AVG | F1: Best AVG | G1: Java STD DEV | H1: Idiomatic STD DEV | I1: Interop STD DEV | J1: Best STD DEV | K1: Java CV% | L1: Idiomatic CV% | M1: Interop CV% | N1: Best CV%
A2: 1000 | B2: P95 (ms) | C2: =AVERAGE('1. Raw Data'!O2:O5,'1. Raw Data'!O8) -> 5502.2 | D2: =AVERAGE('1. Raw Data'!O9:O15) -> 6781.5714 | E2: =AVERAGE('1. Raw Data'!O16:O22) -> 6026.4286 | F2: Java | G2: =STDEV('1. Raw Data'!O2:O5,'1. Raw Data'!O8) -> 1713.1336 | H2: =STDEV('1. Raw Data'!O9:O15) -> 885.15194 | I2: =STDEV('1. Raw Data'!O16:O22) -> 947.86934 | J2: Idiomatic | K2: =(G2/C2)*100 -> 31.135429 | L2: =(H2/D2)*100 -> 13.052313 | M2: =(I2/E2)*100 -> 15.728542 | N2: Idiomatic
A3: 1000 | B3: P99 (ms) | C3: =AVERAGE('1. Raw Data'!P2:P5,'1. Raw Data'!P8) -> 10756 | D3: =AVERAGE('1. Raw Data'!P9:P15) -> 11846.714 | E3: =AVERAGE('1. Raw Data'!P16:P22) -> 10818.571 | F3: Java | G3: =STDEV('1. Raw Data'!P2:P5,'1. Raw Data'!P8) -> 1370.4098 | H3: =STDEV('1. Raw Data'!P9:P15) -> 1589.8928 | I3: =STDEV('1. Raw Data'!P16:P22) -> 1020.2253 | J3: Interop | K3: =(G3/C3)*100 -> 12.740887 | L3: =(H3/D3)*100 -> 13.420538 | M3: =(I3/E3)*100 -> 9.4303142 | N3: Interop
A4: 1000 | B4: GC Time (ms) | C4: =AVERAGE('1. Raw Data'!Q2:Q5,'1. Raw Data'!Q8) -> 1024 | D4: =AVERAGE('1. Raw Data'!Q9:Q15) -> 1295.2857 | E4: =AVERAGE('1. Raw Data'!Q16:Q22) -> 1132.4286 | F4: Java | G4: =STDEV('1. Raw Data'!Q2:Q5,'1. Raw Data'!Q8) -> 166.2453 | H4: =STDEV('1. Raw Data'!Q9:Q15) -> 306.45104 | I4: =STDEV('1. Raw Data'!Q16:Q22) -> 137.69393 | J4: Interop | K4: =(G4/C4)*100 -> 16.234893 | L4: =(H4/D4)*100 -> 23.658953 | M4: =(I4/E4)*100 -> 12.159172 | N4: Interop
A5: 1000 | B5: GC Collections | C5: =AVERAGE('1. Raw Data'!R2:R5,'1. Raw Data'!R8) -> 14 | D5: =AVERAGE('1. Raw Data'!R9:R15) -> 17.285714 | E5: =AVERAGE('1. Raw Data'!R16:R22) -> 13.857143 | F5: Interop | G5: =STDEV('1. Raw Data'!R2:R5,'1. Raw Data'!R8) -> 0 | H5: =STDEV('1. Raw Data'!R9:R15) -> 1.6035675 | I5: =STDEV('1. Raw Data'!R16:R22) -> 0.89973541 | J5: Java | K5: =(G5/C5)*100 -> 0 | L5: =(H5/D5)*100 -> 9.2768365 | M5: =(I5/E5)*100 -> 6.492936 | N5: Java

Sheet 5. Performance Analysis
A1: Load | B1: Metric | C1: Java AVG (tab 3) | D1: Idiomatic AVG (tab 3) | E1: Interop AVG (tab 3) | F1: Best | G1: Δ | H1: Dimension
A2: 100 | B2: P95 (ms) | C2: =AVERAGE('1. Raw Data'!O2:O5,'1. Raw Data'!O8) -> 5502.2 | D2: =AVERAGE('1. Raw Data'!O9:O15) -> 6781.5714 | E2: =AVERAGE('1. Raw Data'!O16:O22) -> 6026.4286 | F2: Java | G2: =(D2-C2)/C2 -> 0.23251998 | H2: P95 Latency
A3: 100 | B3: P99 (ms) | C3: =AVERAGE('1. Raw Data'!P2:P5,'1. Raw Data'!P8) -> 10756 | D3: =AVERAGE('1. Raw Data'!P9:P15) -> 11846.714 | E3: =AVERAGE('1. Raw Data'!P16:P22) -> 10818.571 | F3: Java | G3: =(D3-C3)/C3 -> 0.1014052 | H3: P99 Latency
A4: 100 | B4: GC Time (ms) | C4: =AVERAGE('1. Raw Data'!Q2:Q5,'1. Raw Data'!Q8) -> 1024 | D4: =AVERAGE('1. Raw Data'!Q9:Q15) -> 1295.2857 | E4: =AVERAGE('1. Raw Data'!Q16:Q22) -> 1132.4286 | F4: Java | G4: =(D4-C4)/C4 -> 0.26492746 | H4: GC Overhead
A5: 100 | B5: GC Collections | C5: =AVERAGE('1. Raw Data'!R2:R5,'1. Raw Data'!R8) -> 14 | D5: =AVERAGE('1. Raw Data'!R9:R15) -> 17.285714 | E5: =AVERAGE('1. Raw Data'!R16:R22) -> 13.857143 | F5: Interop | G5: =(D5-E5)/E5 -> 0.24742268 | H5: GC Overhead
